brand,model# ,price,Labour,from,to
Kasa Quartz ,,, , , 
Kasa Quartz ,KSL6010 - Glacier Gold,, , , 
Kasa Quartz ,KSL8601 - Obsidian Wave,, , , 
Kasa Quartz ,KSL8602 - Silver Mist,, , , 
Kasa Quartz ,KSV1105 - Calacatta Silk,, , , 
Kasa Quartz ,KY063 - Bernini Oro,, , , 
Lucent Quartz ,,, , , 
Lucent Quartz ,Calacatta Vaticano Viola,, , , 
Lucent Quartz ,Crystal Noir,, , , 
Lucent Quartz ,Infinity Blue,, , , 
Lucent Quartz ,Jade Onyx,, , , 
Lucent Quartz ,LQ4000 Pure Black,, , , 
Lucent Quartz ,LQ4004 Obsidian Gold,, , , 
Lucent Quartz ,LQ4007 Infinity White,, , , 
Lucent Quartz ,LQ6838 Black Canyon,, , , 
Lucent Quartz ,LQ7306 Precious Crystals,, , , 
Lucent Quartz ,LQ7701 Black Belvedere,,  , , 
Silestone ,,,,, 
Silestone ,Ariel,, , , 
Silestone ,Blanco Zeus,, , , 
Silestone ,Camden,, , , 
Silestone ,Kensho,, , , 
Silestone ,Serena,, , , 
TCE Stone ,,,,,
TCE Stone ,TCE 2001 Pure White,, , , 
TCE Stone ,TCE 4019,, , , 
TCE Stone ,TCE 5018,, , , 
Kstone ,,,,,